{
  "preload.js": 1776612414.1244566,
  "bridge-core.js": 1776612352.9165096,
  "main.js": 1776686016.8734386,
  "renderer/waveform-gl.js": 1776583245.4402258,
  "renderer/ltc-processor.js": 1775370211.6331494,
  "tools/pcap-replay.js": 1776012660.9651315,
  "juce-app/src/WaveformComponent.h": 1775471015.5079346,
  "juce-app/src/WaveformComponent.cpp": 1775471236.653926,
  "juce-app/src/ProDJLink.h": 1775472205.1243465,
  "juce-app/src/MainComponent.h": 1775531354.7785923,
  "juce-app/src/MainComponent.cpp": 1775532770.4617233,
  "juce-app/src/VirtualDeck.cpp": 1775532698.3269427,
  "juce-app/src/TCNetSender.cpp": 1775472661.88335,
  "juce-app/src/DeckState.h": 1775532682.558187,
  "juce-app/src/NetworkEngine.cpp": 1775471067.8958776,
  "juce-app/src/TCNetSender.h": 1775472244.0678954,
  "juce-app/src/BridgeEngine.cpp": 1775525302.2148187,
  "juce-app/src/VirtualDeck.h": 1775504820.2200205,
  "juce-app/src/BridgeEngine.h": 1775525293.3383265,
  "juce-app/src/ProDJLink.cpp": 1775472229.8634202,
  "juce-app/src/Main.cpp": 1775498182.3030396,
  "juce-app/src/NetworkEngine.h": 1775471052.0027156,
  "CHANGELOG.md": 1776372730.9448476,
  "SETUP-GUIDE.md": 1775270618.0,
  "README.md": 1775426534.1933954,
  "CLAUDE.md": 1776701620.0401375,
  "renderer/index.html": 1776684858.699704,
  "juce-app/CMakeLists.txt": 1775472571.064862,
  "docs/deepsymmetry-packets.md": 1776093073.8357043,
  "docs/PRO_DJ_LINK_README.md": 1776036454.3244784,
  "docs/design-proposal.html": 1776509240.6195846,
  "docs/PRO_DJ_LINK_INDEX.md": 1776036382.9409168,
  "docs/PRO_DJ_LINK_PROTOCOL_REFERENCE.md": 1776036122.687267,
  "docs/PRO_DJ_LINK_IMPLEMENTATION.md": 1776036232.3506222,
  "docs/PRO_DJ_LINK_PACKET_BYTE_OFFSETS.md": 1776036173.040011,
  "docs/pdjl-protocol-reference.md": 1776031983.849793,
  "docs/deepsymmetry-track-metadata.md": 1776092881.6488147,
  "docs/superpowers/plans/2026-04-07-webgl-waveform-and-ui-fixes.md": 1775536835.9106226,
  "docs/design-proposals/proposal-B-v2-studio-dark.html": 1776609152.9850295,
  "docs/design-proposals/proposal-A-compact-pro.html": 1776607463.0032074,
  "docs/design-proposals/preview-refine.html": 1776690991.217649,
  "docs/design-proposals/proposal-C-minimal-tactical.html": 1776607579.590635,
  "docs/design-proposals/proposal-B-studio-dark.html": 1776607517.6890473,
  "docs/design-proposals/preview-develop-v2.html": 1776689977.3455393,
  "docs/design-proposals/proposal-H-atelier.html": 1776688228.6345065,
  "docs/design-proposals/proposal-E-amber-console.html": 1776609885.3236709,
  "docs/design-proposals/proposal-G-monolith.html": 1776611086.4935708,
  "docs/design-proposals/proposal-D-orange-studio.html": 1776609548.7769415,
  "docs/design-proposals/theme-variants.html": 1776627642.7812867,
  "docs/design-proposals/preview-develop.html": 1776689066.5273566,
  "package/README.MD": 499162500.0,
  "TCNet-V3-5-1B.pdf": 1775910279.364105,
  "refine-row.png": 1776691037.8982227,
  "current-state.png": 1776688688.3346982,
  "atelier-full.png": 1776688172.5385787,
  "refine-row-final.png": 1776691055.7433877,
  "refine-card-v2.png": 1776691024.7687697,
  "preview-v2-row.png": 1776690041.5011215,
  "refine-row-v2.png": 1776691049.7309759,
  "atelier-v2.png": 1776688240.933952,
  "preview-v2-tower.png": 1776690013.721648,
  "preview-v2-card.png": 1776690028.7901785,
  "preview-v2-full.png": 1776689993.2446265,
  "default-album-artwork.png": 1776347877.1846843,
  "refine-card.png": 1776691016.1110897,
  "preview-develop.png": 1776689078.1593742,
  "refine-tower.png": 1776691004.995209,
  "tv-full.png": 1776688802.5689538,
  "renderer/assets/default-art.jpg": 1776348265.8702738,
  "renderer/assets/default-art.png": 1776348269.1795154
}